student001@example.com,1年A組
student002@example.com,1年A組
student003@example.com,1年A組
student004@example.com,1年A組
student005@example.com,1年A組
student006@example.com,1年A組
student007@example.com,1年A組
student008@example.com,1年A組
student009@example.com,1年B組
student010@example.com,1年B組
student011@example.com,1年B組
student012@example.com,1年B組
student013@example.com,1年B組
student014@example.com,1年B組
student015@example.com,1年B組
student016@example.com,1年B組
student017@example.com,2年A組
student018@example.com,2年A組
student019@example.com,2年A組
student020@example.com,2年A組
student021@example.com,2年A組
student022@example.com,2年A組
student023@example.com,2年A組
student024@example.com,2年A組
student025@example.com,2年B組
student026@example.com,2年B組
student027@example.com,2年B組
student028@example.com,2年B組
student029@example.com,2年B組
student030@example.com,2年B組
student031@example.com,2年B組
student032@example.com,2年B組
student033@example.com,3年A組
student034@example.com,3年A組
student035@example.com,3年A組
student036@example.com,3年A組
student037@example.com,3年A組
student038@example.com,3年A組
student039@example.com,3年A組
student040@example.com,3年A組
